USER_ID,NAME,LASTNAME,EMAIL
Brittaney.Gentry86,Brittaney,Gentry,Brittaney.Gentry86@goodmail.com
Keri.Royce8,Keri,Royce,Keri.Royce8@funmail.com
Michal.Hollyanne32,Michal,Hollyanne,Michal.Hollyanne32@funmail.com
Carolina.Mateusz51,Carolina,Mateusz,Carolina.Mateusz51@goodmail.com
Noni.Thetis66,Noni,Thetis,Noni.Thetis66@goodmail.com
Grata.Ozzy95,Grata,Ozzy,Grata.Ozzy95@testmail.com
Celisse.Schellens98,Celisse,Schellens,Celisse.Schellens98@funmail.com
Harli.Dupaix47,Harli,Dupaix,Harli.Dupaix47@funmail.com
Emogene.Bassett59,Emogene,Bassett,Emogene.Bassett59@funmail.com
Minerva.Wilbert87,Minerva,Wilbert,Minerva.Wilbert87@funmail.com
Charmine.Burchett49,Charmine,Burchett,Charmine.Burchett49@goodmail.com
Channa.Formica62,Channa,Formica,Channa.Formica62@goodmail.com
Joanna.Publius21,Joanna,Publius,Joanna.Publius21@goodmail.com
Tonia.Saberio34,Tonia,Saberio,Tonia.Saberio34@goodmail.com
Lottie.Eustatius22,Lottie,Eustatius,Lottie.Eustatius22@funmail.com
Camilla.Ranson35,Camilla,Ranson,Camilla.Ranson35@testmail.com
Eilis.Ivy7,Eilis,Ivy,Eilis.Ivy7@goodmail.com
Margaretha.Bogusz78,Margaretha,Bogusz,Margaretha.Bogusz78@goodmail.com
Nyssa.Larkins41,Nyssa,Larkins,Nyssa.Larkins41@goodmail.com
Revkah.Noll76,Revkah,Noll,Revkah.Noll76@testmail.com
Bernita.Pinelli95,Bernita,Pinelli,Bernita.Pinelli95@funmail.com
Melitta.Zacharia32,Melitta,Zacharia,Melitta.Zacharia32@goodmail.com
Ashien.Amos47,Ashien,Amos,Ashien.Amos47@goodmail.com
Elfrida.Pegeen26,Elfrida,Pegeen,Elfrida.Pegeen26@goodmail.com
Luz.Ozzy15,Luz,Ozzy,Luz.Ozzy15@funmail.com
Willi.Ralleigh11,Willi,Ralleigh,Willi.Ralleigh11@testmail.com
Inna.Chemar77,Inna,Chemar,Inna.Chemar77@goodmail.com
Robena.Saimon4,Robena,Saimon,Robena.Saimon4@funmail.com
Saidee.Abana96,Saidee,Abana,Saidee.Abana96@funmail.com
Dorthy.Bremen33,Dorthy,Bremen,Dorthy.Bremen33@funmail.com
Nichol.Michaelina64,Nichol,Michaelina,Nichol.Michaelina64@testmail.com
Eileen.Katuscha73,Eileen,Katuscha,Eileen.Katuscha73@funmail.com
Ann.Collete15,Ann,Collete,Ann.Collete15@testmail.com
Thomasina.Becki98,Thomasina,Becki,Thomasina.Becki98@testmail.com
Annetta.Hogan86,Annetta,Hogan,Annetta.Hogan86@goodmail.com
Courtnay.Lodhia13,Courtnay,Lodhia,Courtnay.Lodhia13@funmail.com
Sasha.Vincent42,Sasha,Vincent,Sasha.Vincent42@testmail.com
Octavia.Shaylah71,Octavia,Shaylah,Octavia.Shaylah71@goodmail.com
Myrtia.Alisha15,Myrtia,Alisha,Myrtia.Alisha15@goodmail.com
Jerrie.Lark9,Jerrie,Lark,Jerrie.Lark9@goodmail.com
Marlena.Ambie83,Marlena,Ambie,Marlena.Ambie83@testmail.com
Ashly.Franzoni95,Ashly,Franzoni,Ashly.Franzoni95@testmail.com
Maura.Weaks16,Maura,Weaks,Maura.Weaks16@testmail.com
Abby.Hausmann57,Abby,Hausmann,Abby.Hausmann57@funmail.com
Claribel.Luigino21,Claribel,Luigino,Claribel.Luigino21@goodmail.com
Calley.Carina2,Calley,Carina,Calley.Carina2@goodmail.com
Uta.Groves96,Uta,Groves,Uta.Groves96@funmail.com
Anthea.Entwistle30,Anthea,Entwistle,Anthea.Entwistle30@goodmail.com
Brita.Femi45,Brita,Femi,Brita.Femi45@testmail.com
Hannis.Christoforo70,Hannis,Christoforo,Hannis.Christoforo70@funmail.com
Edeline.Whitten70,Edeline,Whitten,Edeline.Whitten70@funmail.com
Darsie.Derrik90,Darsie,Derrik,Darsie.Derrik90@testmail.com
Christal.Rebe68,Christal,Rebe,Christal.Rebe68@testmail.com
Gabey.Stephannie1,Gabey,Stephannie,Gabey.Stephannie1@goodmail.com
Gaby.Grethel40,Gaby,Grethel,Gaby.Grethel40@funmail.com
Jada.Guise51,Jada,Guise,Jada.Guise51@goodmail.com
Tove.Pincus91,Tove,Pincus,Tove.Pincus91@testmail.com
Gael.Belen23,Gael,Belen,Gael.Belen23@testmail.com
Loralyn.Kella60,Loralyn,Kella,Loralyn.Kella60@goodmail.com
Audrie.Morris67,Audrie,Morris,Audrie.Morris67@goodmail.com
Klara.Beryle23,Klara,Beryle,Klara.Beryle23@funmail.com
Kiley.Dickey47,Kiley,Dickey,Kiley.Dickey47@testmail.com
Saloma.Haggar36,Saloma,Haggar,Saloma.Haggar36@goodmail.com
Matelda.Aprile23,Matelda,Aprile,Matelda.Aprile23@funmail.com
Hyacinth.Dryfoos80,Hyacinth,Dryfoos,Hyacinth.Dryfoos80@goodmail.com
Jorry.Wight78,Jorry,Wight,Jorry.Wight78@goodmail.com
Selie.Khano8,Selie,Khano,Selie.Khano8@funmail.com
Maddy.Mechelle78,Maddy,Mechelle,Maddy.Mechelle78@testmail.com
Melina.Reddy78,Melina,Reddy,Melina.Reddy78@testmail.com
Jobey.Moshe23,Jobey,Moshe,Jobey.Moshe23@goodmail.com
Janie.Churchill56,Janie,Churchill,Janie.Churchill56@funmail.com
Jenica.Malinowski66,Jenica,Malinowski,Jenica.Malinowski66@goodmail.com
Luce.Yila37,Luce,Yila,Luce.Yila37@testmail.com
Marylee.Brod65,Marylee,Brod,Marylee.Brod65@funmail.com
Karolina.Hamrah92,Karolina,Hamrah,Karolina.Hamrah92@testmail.com
Charmion.Alrick26,Charmion,Alrick,Charmion.Alrick26@goodmail.com
Gusella.Andras78,Gusella,Andras,Gusella.Andras78@goodmail.com
Bernardina.Short8,Bernardina,Short,Bernardina.Short8@testmail.com
Linzy.Forest23,Linzy,Forest,Linzy.Forest23@funmail.com
Elaine.Claudell45,Elaine,Claudell,Elaine.Claudell45@goodmail.com
Dix.Aronoff82,Dix,Aronoff,Dix.Aronoff82@funmail.com
Wallie.Alcus17,Wallie,Alcus,Wallie.Alcus17@testmail.com
Charleen.Haze25,Charleen,Haze,Charleen.Haze25@goodmail.com
Leeanne.Haldi79,Leeanne,Haldi,Leeanne.Haldi79@goodmail.com
Carol-Jean.Skiest89,Carol-Jean,Skiest,Carol-Jean.Skiest89@goodmail.com
Nanette.Beckerman96,Nanette,Beckerman,Nanette.Beckerman96@goodmail.com
Micaela.Le73,Micaela,Le,Micaela.Le73@goodmail.com
Renelle.Rainah43,Renelle,Rainah,Renelle.Rainah43@goodmail.com
Malina.Ribble80,Malina,Ribble,Malina.Ribble80@testmail.com
Sylvia.Sothena33,Sylvia,Sothena,Sylvia.Sothena33@goodmail.com
Philippine.Paolina99,Philippine,Paolina,Philippine.Paolina99@testmail.com
Christina.Labana75,Christina,Labana,Christina.Labana75@goodmail.com
Nelli.Frida86,Nelli,Frida,Nelli.Frida86@goodmail.com
Maryjo.Franciscka7,Maryjo,Franciscka,Maryjo.Franciscka7@goodmail.com
Fanni.Sandberg64,Fanni,Sandberg,Fanni.Sandberg64@funmail.com
Raye.Edson94,Raye,Edson,Raye.Edson94@funmail.com
Anna-Maria.Garlen54,Anna-Maria,Garlen,Anna-Maria.Garlen54@funmail.com
Nessa.Torrin18,Nessa,Torrin,Nessa.Torrin18@goodmail.com
Arielle.Schear78,Arielle,Schear,Arielle.Schear78@goodmail.com