USER_ID,EMAIL,NAME,LASTNAME
Larisa.Yesima75,Larisa,Yesima,Larisa.Yesima75@testmail.com
Danell.Genie25,Danell,Genie,Danell.Genie25@goodmail.com
Sissie.Andromede43,Sissie,Andromede,Sissie.Andromede43@testmail.com
Angy.Piselli51,Angy,Piselli,Angy.Piselli51@funmail.com
Eugenia.Eden61,Eugenia,Eden,Eugenia.Eden61@funmail.com
Jacquette.Tiphany69,Jacquette,Tiphany,Jacquette.Tiphany69@funmail.com
Quintilla.Witty8,Quintilla,Witty,Quintilla.Witty8@funmail.com
Tiphany.Herwig57,Tiphany,Herwig,Tiphany.Herwig57@testmail.com
Danit.Berni57,Danit,Berni,Danit.Berni57@funmail.com
Carina.Starks6,Carina,Starks,Carina.Starks6@testmail.com
Andy.Maryellen86,Andy,Maryellen,Andy.Maryellen86@goodmail.com
Waly.Skip64,Waly,Skip,Waly.Skip64@funmail.com
Shawn.Verena70,Shawn,Verena,Shawn.Verena70@testmail.com
Fina.Shaff79,Fina,Shaff,Fina.Shaff79@goodmail.com
Iseabal.Nuri37,Iseabal,Nuri,Iseabal.Nuri37@goodmail.com
Bevvy.Zondra50,Bevvy,Zondra,Bevvy.Zondra50@testmail.com
Brigitte.Daisi53,Brigitte,Daisi,Brigitte.Daisi53@funmail.com
Sydel.Umeko33,Sydel,Umeko,Sydel.Umeko33@funmail.com
Isadora.Finbar34,Isadora,Finbar,Isadora.Finbar34@testmail.com
Amy.Ahmad36,Amy,Ahmad,Amy.Ahmad36@funmail.com
Olivette.Malti17,Olivette,Malti,Olivette.Malti17@funmail.com
Gerrie.Sansone18,Gerrie,Sansone,Gerrie.Sansone18@goodmail.com
Maia.Penthea8,Maia,Penthea,Maia.Penthea8@funmail.com
Tamiko.Nidorf14,Tamiko,Nidorf,Tamiko.Nidorf14@testmail.com
Darya.Marsha82,Darya,Marsha,Darya.Marsha82@funmail.com
Murielle.Chapman86,Murielle,Chapman,Murielle.Chapman86@funmail.com
Kath.Deegan88,Kath,Deegan,Kath.Deegan88@goodmail.com
Libbie.Vacuva91,Libbie,Vacuva,Libbie.Vacuva91@testmail.com
Wallis.Eastman6,Wallis,Eastman,Wallis.Eastman6@funmail.com
Jane.Harley71,Jane,Harley,Jane.Harley71@funmail.com
Carmella.Nafis42,Carmella,Nafis,Carmella.Nafis42@funmail.com
Phaidra.Crooks24,Phaidra,Crooks,Phaidra.Crooks24@goodmail.com
Ellette.Barny79,Ellette,Barny,Ellette.Barny79@testmail.com
Iolanthe.Vedi8,Iolanthe,Vedi,Iolanthe.Vedi8@goodmail.com
Persis.Niklaus59,Persis,Niklaus,Persis.Niklaus59@goodmail.com
Pauli.Ander84,Pauli,Ander,Pauli.Ander84@funmail.com
Dora.Moncear42,Dora,Moncear,Dora.Moncear42@funmail.com
Dawn.Adao50,Dawn,Adao,Dawn.Adao50@goodmail.com
Gerri.Krissie73,Gerri,Krissie,Gerri.Krissie73@goodmail.com
Briny.Genesa88,Briny,Genesa,Briny.Genesa88@testmail.com
Tana.Charisse92,Tana,Charisse,Tana.Charisse92@goodmail.com
Ileane.Marysa15,Ileane,Marysa,Ileane.Marysa15@funmail.com
Kirstin.Cyrie54,Kirstin,Cyrie,Kirstin.Cyrie54@funmail.com
Cher.Atronna92,Cher,Atronna,Cher.Atronna92@testmail.com
Avis.Hartley78,Avis,Hartley,Avis.Hartley78@goodmail.com
Penelopa.Funch31,Penelopa,Funch,Penelopa.Funch31@testmail.com
Deena.Anatol21,Deena,Anatol,Deena.Anatol21@testmail.com
Karina.McIntosh15,Karina,McIntosh,Karina.McIntosh15@testmail.com
Kayle.Orazio5,Kayle,Orazio,Kayle.Orazio5@goodmail.com
Alisun.Wachter85,Alisun,Wachter,Alisun.Wachter85@goodmail.com
Raynell.Aubarta96,Raynell,Aubarta,Raynell.Aubarta96@goodmail.com
Averyl.Naarah92,Averyl,Naarah,Averyl.Naarah92@funmail.com
Brigitte.Faria72,Brigitte,Faria,Brigitte.Faria72@funmail.com
May.Halla22,May,Halla,May.Halla22@funmail.com
Louisette.Hannah73,Louisette,Hannah,Louisette.Hannah73@testmail.com
Joya.Danyette20,Joya,Danyette,Joya.Danyette20@goodmail.com
Maud.Helfant87,Maud,Helfant,Maud.Helfant87@goodmail.com
Cordelie.Dorree72,Cordelie,Dorree,Cordelie.Dorree72@funmail.com
Cheri.Abbi41,Cheri,Abbi,Cheri.Abbi41@goodmail.com
Gale.Baptista13,Gale,Baptista,Gale.Baptista13@funmail.com
Sashenka.Paolo89,Sashenka,Paolo,Sashenka.Paolo89@goodmail.com
Lia.Mikal44,Lia,Mikal,Lia.Mikal44@goodmail.com
Fern.Ignatius68,Fern,Ignatius,Fern.Ignatius68@testmail.com
Honoria.Grange93,Honoria,Grange,Honoria.Grange93@funmail.com
Ginger.Riordan90,Ginger,Riordan,Ginger.Riordan90@goodmail.com
Eryn.Bywoods79,Eryn,Bywoods,Eryn.Bywoods79@testmail.com
Harriet.Tessi21,Harriet,Tessi,Harriet.Tessi21@testmail.com
Fanechka.God29,Fanechka,God,Fanechka.God29@testmail.com
Tim.Felske45,Tim,Felske,Tim.Felske45@testmail.com
Rivalee.Claudian7,Rivalee,Claudian,Rivalee.Claudian7@testmail.com
Edwina.Odilo32,Edwina,Odilo,Edwina.Odilo32@testmail.com
Henka.Recor13,Henka,Recor,Henka.Recor13@goodmail.com
Grissel.Hefter48,Grissel,Hefter,Grissel.Hefter48@goodmail.com
Coletta.Boyce27,Coletta,Boyce,Coletta.Boyce27@goodmail.com
Tova.Buehrer77,Tova,Buehrer,Tova.Buehrer77@funmail.com
Dasya.Martres51,Dasya,Martres,Dasya.Martres51@goodmail.com
Carlotta.Ima80,Carlotta,Ima,Carlotta.Ima80@testmail.com
Valentina.Jann63,Valentina,Jann,Valentina.Jann63@goodmail.com
Leodora.Florentia23,Leodora,Florentia,Leodora.Florentia23@goodmail.com
Ingrid.Ashia23,Ingrid,Ashia,Ingrid.Ashia23@testmail.com
Dulcie.Klecka2,Dulcie,Klecka,Dulcie.Klecka2@funmail.com
Nevsa.Liberati33,Nevsa,Liberati,Nevsa.Liberati33@testmail.com
Catrina.Agan31,Catrina,Agan,Catrina.Agan31@testmail.com
Aryn.Steady79,Aryn,Steady,Aryn.Steady79@testmail.com
Jodie.Lottie5,Jodie,Lottie,Jodie.Lottie5@goodmail.com
Augustine.Angil87,Augustine,Angil,Augustine.Angil87@goodmail.com
Suki.Mallen72,Suki,Mallen,Suki.Mallen72@testmail.com
Jorry.Mulvihill79,Jorry,Mulvihill,Jorry.Mulvihill79@funmail.com
Ilka.Bristow60,Ilka,Bristow,Ilka.Bristow60@funmail.com
Marga.Means34,Marga,Means,Marga.Means34@testmail.com
Jessie.Ormsby21,Jessie,Ormsby,Jessie.Ormsby21@goodmail.com
Latisha.Gretchen18,Latisha,Gretchen,Latisha.Gretchen18@goodmail.com
Linn.Ketchum9,Linn,Ketchum,Linn.Ketchum9@testmail.com
Sheena.Elyn86,Sheena,Elyn,Sheena.Elyn86@testmail.com
Michaella.Hanni11,Michaella,Hanni,Michaella.Hanni11@testmail.com
Adena.Disini26,Adena,Disini,Adena.Disini26@testmail.com
Nessa.O'Donovan46,Nessa,O'Donovan,Nessa.O'Donovan46@goodmail.com
Clareta.Fernas62,Clareta,Fernas,Clareta.Fernas62@goodmail.com
Kerry.Zabrine24,Kerry,Zabrine,Kerry.Zabrine24@funmail.com
